Yorkshire, United Kingdom
WV, US
Worcestershire, United Kingdom
Wiltshire, United Kingdom
WI, US
westyorkshire, United Kingdom
West Yorkshire, United Kingdom
West Sussex, United Kingdom
West Midlands, United Kingdom
Warwickshire, United Kingdom
WA, US
VT, US
Virginia, US
VA, US
UT, US
UK, United Kingdom
Tyne and Wear, United Kingdom
Tyne, United Kingdom
TX, US
TN, US
TAS, Australia
T&W, United Kingdom
Sussex, United Kingdom
SURREY, United Kingdom
Suffolk, United Kingdom
Staffordshire, United Kingdom
SRY, United Kingdom
South Yorkshire, United Kingdom
South East UK, United Kingdom
shropshire, United Kingdom
S Yorks, United Kingdom
S Gloucestershire, United Kingdom
Perthshire, United Kingdom
Pennsylvania, US
Oxfordshire, United Kingdom
OR, US
OK, US
Ohio, US
OH, US
NYK, United Kingdom
NV, US
NSW, Australia
nottinghamshire, United Kingdom
Northumberland, United Kingdom
Northamptonshire, United Kingdom
Northampton, United Kingdom
North Yorkshire, United Kingdom
North Somerset, United Kingdom
NM, United Kingdom
NJ, United Kingdom
NH, United Kingdom
MT, United Kingdom
Midlands, United Kingdom
Middlesex, United Kingdom
Maryland, US
Louisiana, US
LND, United Kingdom
Lincolnshire, United Kingdom
Leicestershire, United Kingdom
Lancashire, United Kingdom
lanarkshire, United Kingdom
KY, US
KS, US
Kingsbury, United Kingdom
Kent, United Kingdom
KEN, United Kingdom
inverness shire, United Kingdom
IN, United Kingdom
IL, United Kingdom
ID, US
IA, US
Humberside, US
hertfordshire, United Kingdom
Herefordshire, United Kingdom
Hampshire, United Kingdom
GTM, United Kingdom
Greater London, United Kingdom
GLS, United Kingdom
Gloucestershire, United Kingdom
GA, US
Florida, US
FL, US
Essex, United Kingdom
ESS, United Kingdom
ERY, United Kingdom
england, United Kingdom
East Yorkshire, United Kingdom
East Sussex, United Kingdom
East Riding, United Kingdom
EAG, United Kingdom
DOR, United Kingdom
Devon, United Kingdom
DEV, United Kingdom
Derbyshire, United Kingdom
DBY, United Kingdom
CUL, United Kingdom
CORNWALL, United Kingdom
CON, United Kingdom
Colorado, US
CLV, United Kingdom
Cleveland, US
CHS, United Kingdom
cheshire, United Kingdom
Carmarthenshire, United Kingdom
cambridgeshire, United Kingdom
CAM, United Kingdom
California, US
CA, US
Buckinghamshire, United Kingdom
BRK, United Kingdom
Blaenau-Gwent, United Kingdom
BKM, United Kingdom
Berkshire, United Kingdom
Bedfordshire, United Kingdom
BDF, United Kingdom
AZ, US
AVN, United Kingdom
AR, US
AL, US
AK, US
ACT, Australia
Aberdeensire, United Kingdom
Aberdeenshire, United Kingdom